Archivo,Algoritmo,Tam_Original_bytes,Tam_Comprimido_bytes,Ratio,Ahorro_pct,Tam_Relativo_pct,Tiempo_Compresion_ms,Throughput_Compresion_MB_s,Tiempo_Descompresion_ms,Throughput_Descompresion_MB_s,Cabecera_bytes,Overhead_Cabecera_pct,Weissman_Global
prueba_1_pequena.txt,Shannon O(2) (Propio),64,135,0.474074,-110.9375,210.9375,33.6665,0.001901,42.5934,0.001503,117,86.6667,0.307147
prueba_1_pequena.txt,7-Zip LZMA2 (Externo),64,195,0.328205,-204.6875,304.6875,17.0669,0.00375,16.1932,0.003952,146,74.8718,0.981591
prueba_1_pequena.txt,gzip -6 (Baseline),64,59,1.084746,7.8125,92.1875,17.0,0.003765,63.5991,0.001006,18,30.5085,1.0
prueba_2_texto_natural.txt,Shannon O(2) (Propio),102400,51377,1.99311,49.8271,50.1729,99.5469,1.028661,138.3045,0.740395,1080,2.1021,0.307147
prueba_2_texto_natural.txt,7-Zip LZMA2 (Externo),102400,1424,71.910112,98.6094,1.3906,19.8414,5.160926,15.4261,6.6381,162,11.3764,0.981591
prueba_2_texto_natural.txt,gzip -6 (Baseline),102400,1919,53.361126,98.126,1.874,17.6131,5.813854,62.9861,1.625756,18,0.938,1.0
prueba_3_alta_repeticion.txt,Shannon O(2) (Propio),102400,29921,3.422346,70.7803,29.2197,76.564,1.337443,96.8404,1.05741,171,0.5715,0.307147
prueba_3_alta_repeticion.txt,7-Zip LZMA2 (Externo),102400,305,335.737705,99.7021,0.2979,17.3027,5.918152,14.9084,6.868611,162,53.1148,0.981591
prueba_3_alta_repeticion.txt,gzip -6 (Baseline),102400,914,112.035011,99.1074,0.8926,17.2356,5.941191,63.2533,1.618888,18,1.9694,1.0
prueba_4_baja_repeticion.txt,Shannon O(2) (Propio),102400,113862,0.899334,-11.1934,111.1934,177.9925,0.575305,248.9761,0.411284,27039,23.7472,0.307147
prueba_4_baja_repeticion.txt,7-Zip LZMA2 (Externo),102400,86028,1.19031,15.9883,84.0117,23.1476,4.423785,17.0234,6.01525,162,0.1883,0.981591
prueba_4_baja_repeticion.txt,gzip -6 (Baseline),102400,85207,1.201779,16.79,83.21,19.6469,5.212018,62.4997,1.638408,18,0.0211,1.0
